{
    "authOptions":
        {
            "clientId": "d623ebfa-820c-49ad-93d6-882c814a087f",
            "authority": "https://login.microsoftonline.com/common",
            "clientSecret": "51c0a154-38dc-475e-9f1f-f68724cb296b" // Add client secret here
            
        },
    "request":
    {
        "authCodeUrlParameters": {
            "scopes": ["user.read"],
            "redirectUri": "http://localhost:3000/redirect"
        },
        "tokenRequest": {
            "redirectUri": "http://localhost:3000/redirect",
            "scopes": ["user.read"]
        }
    },
    "resourceApi":
    {
        "endpoint": "https://graph.microsoft.com/v1.0/me"
    }
}